{
    "First Floor": [{
            "date": "Friday, May 16",
            "available_slots": 75,
            "total_slots": 25,
            "reserved": true,
            "person_details": [{
                "image": "image/jack.img",
                "name": "Jack"
            }]
        },
        {
            "date": "Monday, May 18",
            "available_slots": 0,
            "total_slots": 100,
            "reserved": false,
            "person_details": [{
                "image": "image/jack.img",
                "name": "Jack"
            }]
        },
        {
            "date": "Tuesday, May 19",
            "available_slots": 75,
            "total_slots": 25,
            "reserved": true,
            "person_details": [{
                "image": "image/jack.img",
                "name": "Jack"
            }]
        },
        {
            "date": "Wednesday, May 20",
            "available_slots": 75,
            "total_slots": 25,
            "reserved": false,
            "person_details": [{
                "image": "image/jack.img",
                "name": "Jack"
            }]
        },
        {
            "date": "Thursday, May 21",
            "available_slots": 75,
            "total_slots": 25,
            "reserved": false,
            "person_details": [{
                "image": "image/jack.img",
                "name": "Jack"
            }]
        }
    ],
    "Second Floor": [{
            "date": "Friday, May 22",
            "available_slots": 75,
            "total_slots": 25,
            "reserved": false,
            "person_details": [{
                "image": "image/jack.img",
                "name": "Jack"
            }]
        },
        {
            "date": "Monday, May 24",
            "available_slots": 75,
            "total_slots": 25,
            "reserved": true,
            "person_details": [{
                "image": "image/jack.img",
                "name": "Jack"
            }]
        },
        {
            "date": "Tuesday, May 25",
            "available_slots": 0,
            "total_slots": 100,
            "reserved": false,
            "person_details": [{
                "image": "image/jack.img",
                "name": "Jack"
            }]
        },
        {
            "date": "Wednesday, May 26",
            "available_slots": 75,
            "total_slots": 25,
            "reserved": false,
            "person_details": [{
                "image": "image/jack.img",
                "name": "Jack"
            }]
        }
    ]
}